                  epoch,         train/box_loss,         train/cls_loss,         train/dfl_loss,   metrics/precision(B),      metrics/recall(B),       metrics/mAP50(B),    metrics/mAP50-95(B),           val/box_loss,           val/cls_loss,           val/dfl_loss,                 lr/pg0,                 lr/pg1,                 lr/pg2
                      0,                 3.9774,                 8.1824,                 4.0971,                0.00179,                0.11701,                0.00402,                0.00146,                 4.0506,                 4.9139,                 3.7271,             8.9865e-05,             8.9865e-05,             8.9865e-05
                      1,                 3.4944,                 6.2312,                 3.4154,                0.00352,                0.22769,                0.00713,                0.00209,                 3.4732,                 4.1062,                 2.9015,             0.00014425,             0.00014425,             0.00014425
                      2,                 3.2308,                 4.9489,                 2.9469,                0.11514,                0.10838,                 0.0424,                0.01212,                 3.1087,                 3.2666,                 2.4755,               0.000163,               0.000163,               0.000163
                      3,                 3.0151,                 4.1377,                 2.6438,                0.17646,                0.14512,                0.07978,                0.02446,                 2.9261,                 2.8766,                 2.2908,             0.00010962,             0.00010962,             0.00010962
                      4,                 2.8735,                 3.7392,                 2.4633,                0.23778,                 0.1414,                0.10665,                0.03521,                 2.7534,                 2.8482,                 2.1685,             0.00010962,             0.00010962,             0.00010962
